{
  "": {
    "swift-dependencies": "/Users/karemorstol/Desktop/courseware/Beginning Swift/2/Code/StringsExtra/.build/x86_64-apple-macosx10.10/debug/StringsExtra.build/master.swiftdeps"
  },
  "/Users/karemorstol/Desktop/courseware/Beginning Swift/2/Code/StringsExtra/Sources/StringsExtra/StringsExtra.swift": {
    "dependencies": "/Users/karemorstol/Desktop/courseware/Beginning Swift/2/Code/StringsExtra/.build/x86_64-apple-macosx10.10/debug/StringsExtra.build/StringsExtra.d",
    "object": "/Users/karemorstol/Desktop/courseware/Beginning Swift/2/Code/StringsExtra/.build/x86_64-apple-macosx10.10/debug/StringsExtra.build/StringsExtra.swift.o",
    "swiftmodule": "/Users/karemorstol/Desktop/courseware/Beginning Swift/2/Code/StringsExtra/.build/x86_64-apple-macosx10.10/debug/StringsExtra.build/StringsExtra~partial.swiftmodule",
    "swift-dependencies": "/Users/karemorstol/Desktop/courseware/Beginning Swift/2/Code/StringsExtra/.build/x86_64-apple-macosx10.10/debug/StringsExtra.build/StringsExtra.swiftdeps"
  }
}
