{
  "": {
    "swift-dependencies": "/Users/karemorstol/Desktop/courseware/Beginning Swift/3/Code/Homework/.build/x86_64-apple-macosx10.10/debug/Homework.build/master.swiftdeps"
  },
  "/Users/karemorstol/Desktop/courseware/Beginning Swift/3/Code/Homework/Sources/Homework/Homework.swift": {
    "dependencies": "/Users/karemorstol/Desktop/courseware/Beginning Swift/3/Code/Homework/.build/x86_64-apple-macosx10.10/debug/Homework.build/Homework.d",
    "object": "/Users/karemorstol/Desktop/courseware/Beginning Swift/3/Code/Homework/.build/x86_64-apple-macosx10.10/debug/Homework.build/Homework.swift.o",
    "swiftmodule": "/Users/karemorstol/Desktop/courseware/Beginning Swift/3/Code/Homework/.build/x86_64-apple-macosx10.10/debug/Homework.build/Homework~partial.swiftmodule",
    "swift-dependencies": "/Users/karemorstol/Desktop/courseware/Beginning Swift/3/Code/Homework/.build/x86_64-apple-macosx10.10/debug/Homework.build/Homework.swiftdeps"
  }
}
